iso3,scheme,assets,n_years,first,last
AUS,primary,5,53,1970,2022
AUT,primary,5,29,1995,2023
BEL,primary,5,28,1995,2022
CAN,primary,5,43,1981,2023
CHE,incomplete,2,1,1995,1995
CHL,incomplete,2,28,1996,2023
CHN,incomplete,0,0,-1,-1
COL,primary,5,18,2005,2022
CRI,primary,5,33,1991,2023
CZE,primary,5,29,1995,2023
DEU,fallback,4,33,1991,2023
DNK,primary,5,54,1970,2023
ESP,primary,5,28,1995,2022
EST,primary,5,29,1995,2023
FIN,primary,5,42,1982,2023
FRA,primary,5,46,1978,2023
GBR,primary,5,29,1995,2023
GRC,primary,5,29,1995,2023
HUN,primary,5,23,2000,2022
IRL,primary,5,29,1995,2023
ISL,primary,5,29,1995,2023
ISR,primary,5,54,1970,2023
ITA,primary,5,29,1995,2023
JPN,primary,5,43,1980,2022
KOR,fallback,4,53,1970,2022
LTU,primary,5,29,1995,2023
LUX,primary,5,27,1995,2021
LVA,primary,5,27,1995,2021
MEX,primary,5,30,1993,2022
NLD,primary,5,29,1995,2023
NOR,fallback,4,54,1970,2023
NZL,primary,5,52,1971,2022
POL,fallback,4,29,1995,2023
PRT,primary,5,29,1995,2023
SVK,primary,5,24,2000,2023
SVN,primary,5,28,1995,2022
SWE,primary,5,31,1993,2023
TUR,incomplete,0,0,-1,-1
USA,primary,5,53,1970,2022
