country,iso3,flat_prod,flat_joint,mu_joint,beta_joint
Australia,AUS,0.8888888888888888,0.9288888888888889,2.5058333333333334,0.3
Austria,AUT,0.19111111111111112,0.18222222222222223,1.0083333333333333,0.0
Belgium,BEL,0.5133333333333333,0.8555555555555555,6.0,0.2
Canada,CAN,0.18666666666666668,1.0,0.5091666666666667,0.06
Chile,CHL,0.28444444444444444,0.10222222222222223,6.0,0.0
China,CHN,0.7088888888888889,0.2577777777777778,0.01,0.34
Colombia,COL,0.15333333333333332,0.9755555555555555,0.75875,0.08
Costa Rica,CRI,0.08222222222222222,0.09555555555555556,0.01,0.02
Czech Republic,CZE,0.22444444444444445,0.12666666666666668,0.75875,0.0
Denmark,DNK,0.18222222222222223,0.25333333333333335,1.2579166666666668,0.0
Estonia,EST,0.11555555555555555,0.022222222222222223,0.01,0.0
Finland,FIN,0.2777777777777778,0.4577777777777778,0.01,0.0
France,FRA,0.042222222222222223,0.04666666666666667,0.01,0.34
Germany,DEU,0.057777777777777775,0.6111111111111112,5.25125,0.08
Greece,GRC,0.20444444444444446,0.2688888888888889,0.25958333333333333,0.32
Hungary,HUN,0.08,0.051111111111111114,0.01,0.28
Iceland,ISL,0.7622222222222222,0.057777777777777775,0.01,0.14
Ireland,IRL,0.19555555555555557,0.051111111111111114,0.01,0.0
Israel,ISR,0.10666666666666667,0.2111111111111111,6.0,0.0
Italy,ITA,0.11333333333333333,0.13111111111111112,0.01,0.34
Japan,JPN,0.04888888888888889,0.03111111111111111,0.01,0.0
Republic of Korea,KOR,0.2088888888888889,0.08888888888888889,4.752083333333333,0.0
Latvia,LVA,0.29555555555555557,0.1,0.01,0.0
Lithuania,LTU,0.27111111111111114,0.05555555555555555,0.01,0.0
Luxembourg,LUX,0.8888888888888888,0.7933333333333333,3.504166666666667,0.16
Mexico,MEX,0.14,0.9155555555555556,4.003333333333334,0.08
Netherlands,NLD,0.14888888888888888,0.1711111111111111,6.0,0.34
New Zealand,NZL,0.7466666666666667,1.0,1.0083333333333333,0.26
Norway,NOR,0.2511111111111111,0.09777777777777778,0.01,0.34
Poland,POL,0.09777777777777778,0.14444444444444443,0.01,0.0
Portugal,PRT,0.29555555555555557,0.042222222222222223,0.01,0.04
Slovakia,SVK,0.08666666666666667,0.03111111111111111,0.01,0.0
Slovenia,SVN,0.10888888888888888,0.06,0.25958333333333333,0.0
Spain,ESP,0.2111111111111111,0.12666666666666668,0.01,0.08
Sweden,SWE,0.3422222222222222,0.15777777777777777,1.2579166666666668,0.0
Switzerland,CHE,0.08222222222222222,1.0,0.01,0.1
Turkey,TUR,0.12,0.08,0.01,0.08
United Kingdom,GBR,0.20666666666666667,0.12666666666666668,1.7570833333333336,0.0
United States,USA,0.013333333333333334,0.15333333333333332,3.504166666666667,0.0
